Phone,FirstName,Designation
(657) 888-9655,1,Developer
(657) 888-9655,2,Developer
(657) 888-9655,3,Developer
(657) 888-9655,4,Developer
(657) 888-9655,5,Developer
(657) 888-9655,6,Developer
(657) 888-9655,7,Developer
(657) 888-9655,8,Developer
(657) 888-9655,9,Developer
(657) 888-9655,10,Developer
(657) 888-9655,11,Developer
(657) 888-9655,12,Developer
(657) 888-9655,13,Developer
(657) 888-9655,14,Developer
(657) 888-9655,15,Developer
(657) 888-9655,16,Developer
(657) 888-9655,17,Developer
(657) 888-9655,18,Developer
(657) 888-9655,19,Developer
(657) 888-9655,20,Developer
(657) 888-9655,21,Developer
(657) 888-9655,22,Developer
(657) 888-9655,23,Developer
(657) 888-9655,24,Developer
(657) 888-9655,25,Developer
(657) 888-9655,26,Developer
(657) 888-9655,27,Developer
(657) 888-9655,28,Developer
(657) 888-9655,29,Developer